"segmentId","target","source","file","durationSeconds","codec","sampleRate","channels","bitRate","maxDb","meanDb","sha256","qaFlags"
"VI68-001","Làm bài tập","elevenlabs-new","unique-vi-segments-mp3/VI68-001.mp3","0.666","mp3","44100","1","128000","-4.3","-16.2","083d8589c91350b072dba2073843e793c2a7ea15fac040fcb75625c855a6f519",""
"VI68-002","Chơi thể thao","elevenlabs-new","unique-vi-segments-mp3/VI68-002.mp3","0.991","mp3","44100","1","128000","-5.6","-16","e3f8dfecb085f07f59a97db673826b3c08306ae6eb549805a31bc00b18a3bcdb",""
"VI68-003","Đọc sách","reviewed-reuse","unique-vi-segments-mp3/VI68-003.mp3","0.64","mp3","44100","1","128000","-0.6","-11.7","297cf011780e4ee51e289f0e86893074615808e4a20c1e1803bade3f9259516a",""
"VI68-004","Làm bài sau giờ học","elevenlabs-new","unique-vi-segments-mp3/VI68-004.mp3","1.24","mp3","44100","1","128000","-4.1","-16.1","35a463bb0404a5f5d97590519f058b17df700867d1c1ad90f741776ec7f7a4c7",""
"VI68-005","Thể thao vào thứ Bảy","elevenlabs-new","unique-vi-segments-mp3/VI68-005.mp3","1.396","mp3","44100","1","128000","-5.1","-16.9","75542d266545f05555a8e1e1fa191e7d1a4d330d2ee566cde2628badf8f69311",""
"VI68-006","Đọc sách buổi tối","elevenlabs-new","unique-vi-segments-mp3/VI68-006.mp3","1.04","mp3","44100","1","128000","-4.9","-16.1","b786eddea9d6890a2648093d047fa1783e9970bd35b67001e9798c47e41fcf32",""
"VI68-007","Xem lại ghi chú","reviewed-reuse","unique-vi-segments-mp3/VI68-007.mp3","1.04","mp3","44100","1","128000","-0.9","-10.2","e01c06fbc27701960cd51e83af60af1a7bbd92bab2dc4d576ec23ed22b1ca1d5",""
"VI68-008","Lập kế hoạch","elevenlabs-new","unique-vi-segments-mp3/VI68-008.mp3","0.588","mp3","44100","1","128000","-4.4","-16.8","53256737033a58faa3042e04c58f6457c266dd20a8ef1d7a6ca62d775af375ca",""
"VI68-009","Luyện tiếng Anh","elevenlabs-new","unique-vi-segments-mp3/VI68-009.mp3","1.05","mp3","44100","1","128000","-3.2","-15.6","2126260faee9a485e4610e848b951106e7cfb8ef19e9ef671275352aee91de84",""
"VI68-010","Vẽ tốt","elevenlabs-new","unique-vi-segments-mp3/VI68-010.mp3","0.538","mp3","44100","1","128000","-6.3","-16.7","6183216dbea6fb84dd799dcd0f23d8195b89dc76bad690b4fb653e0ce22ebdcc",""
"VI68-011","Giải quyết vấn đề","elevenlabs-new","unique-vi-segments-mp3/VI68-011.mp3","1.23","mp3","44100","1","128000","-5","-16","fc077b94f0f510f634701a36517342d4bd3d22477587b393c1b206e86cdf2e9a",""
"VI68-012","Xe buýt","elevenlabs-new","unique-vi-segments-mp3/VI68-012.mp3","0.605","mp3","44100","1","128000","-8.4","-16.5","c855841ba4b537d30ffb5b295dd0438a588e40da96b0026e6d5eab656691653c",""
"VI68-013","Xe đạp","reviewed-reuse","unique-vi-segments-mp3/VI68-013.mp3","0.68","mp3","44100","1","128000","-1.2","-12.6","af1e21809341a7c1130bef621288992648245fde6ec4d67869091104fc28d746",""
"VI68-014","Taxi","elevenlabs-new","unique-vi-segments-mp3/VI68-014.mp3","0.722","mp3","44100","1","128000","-6.5","-17.5","27ba2741188b504e736780c137959cd3294d35a9f1fbef1a5b0a95a5666084ed",""
"VI68-015","Uống nước","reviewed-reuse","unique-vi-segments-mp3/VI68-015.mp3","0.96","mp3","44100","1","128000","-1.4","-13","5c5c7f65e2d378c813398c575df511dc39e9e9292fb4d4f98f3e8ff3d323435f",""
"VI68-016","Ăn sáng","elevenlabs-new","unique-vi-segments-mp3/VI68-016.mp3","0.96","mp3","44100","1","128000","-6.5","-19.5","c02cda64005d28928f3fd6b459ab1fe3ef26df554352dff35feeabdecbd9095c",""
"VI68-017","Ngủ sớm","elevenlabs-new","unique-vi-segments-mp3/VI68-017.mp3","0.72","mp3","44100","1","128000","-7","-17.9","cc663fb9aec59e88a88710b3d84e51ff271806029fa55c481e4fc9578af9b36d",""
"VI68-018","Mật khẩu","reviewed-reuse","unique-vi-segments-mp3/VI68-018.mp3","0.96","mp3","44100","1","128000","-1.1","-12.6","f0a33e830b7cad43405e885dfd44e22ea8c854028555559015f2a5e924cc00cd",""
"VI68-019","Đường dẫn","elevenlabs-new","unique-vi-segments-mp3/VI68-019.mp3","0.755","mp3","44100","1","128000","-4.3","-15.4","45728d012e1ccc3e745ea8d2c7674a5342ac27aec6730923a77e17ec62db5208",""
"VI68-020","Tin nhắn","elevenlabs-new","unique-vi-segments-mp3/VI68-020.mp3","0.752","mp3","44100","1","128000","-5.7","-17.1","47a9f95a0cd2ad53805135c5e90a62c19d5d207444a835bdeff1975a45c0a6bd",""
"VI68-021","Rảnh thứ Bảy","elevenlabs-new","unique-vi-segments-mp3/VI68-021.mp3","0.994","mp3","44100","1","128000","-4.7","-16.7","5c76832a2529851c9bdc26d9f745db807fb45692dcf2b094a7ad264f9359786c",""
"VI68-022","Bận Chủ nhật","elevenlabs-new","unique-vi-segments-mp3/VI68-022.mp3","0.978","mp3","44100","1","128000","-4.1","-16.9","be6a94a9a5170d0a8fd72d7f98cb3d618ee4bb0ee139861cf5953127b17b4a1f",""
"VI68-023","Nghe được đó","elevenlabs-new","unique-vi-segments-mp3/VI68-023.mp3","0.837","mp3","44100","1","128000","-6.6","-16.5","fac9c34b598b5327d90b48dd33ad0e32cec34fa9eb06d1985410b294d9da34b0",""
"VI68-024","Áo","elevenlabs-new","unique-vi-segments-mp3/VI68-024.mp3","0.539","mp3","44100","1","128000","-7.4","-17","f80861a17847fcfd1865327b97408a8e519044224a8578f700560250f310a5ac",""
"VI68-025","Giày","elevenlabs-new","unique-vi-segments-mp3/VI68-025.mp3","0.56","mp3","44100","1","128000","-7.3","-17.4","85357ec18b5537ddadb951dde29a81a9dd51603ff57855c258d19b83d1ed53f1",""
"VI68-026","Giá","reviewed-reuse","unique-vi-segments-mp3/VI68-026.mp3","0.698","mp3","44100","1","128000","-0.9","-12.6","09ff87435c2eaed11dee3a0d29215abf547649024900a8c1d69f38f67471f5f1",""
"VI68-027","Cái này rẻ hơn","elevenlabs-new","unique-vi-segments-mp3/VI68-027.mp3","0.961","mp3","44100","1","128000","-6.1","-16.4","12fdb0cfb518b48e98f903af58d24563e2d503fdec90f7f183d1064488484f48",""
"VI68-028","Cái kia rẻ hơn","elevenlabs-new","unique-vi-segments-mp3/VI68-028.mp3","1.28","mp3","44100","1","128000","-6.2","-16.8","1473fa3a2040bc6f184311f711f7251beb1e66dcdd3fd0eade6bb43d88f9596a",""
"VI68-029","Mình làm mất chìa khóa","elevenlabs-new","unique-vi-segments-mp3/VI68-029.mp3","1.215","mp3","44100","1","128000","-5.2","-16.4","5016c0c057789512b921445dace9ed7c28b21f639e58ca0d710c3b9ac5b41809",""
"VI68-030","Bạn có thể giúp mình không","elevenlabs-new","unique-vi-segments-mp3/VI68-030.mp3","1.002","mp3","44100","1","128000","-6.2","-16.2","48aafbd4ffbfdb280216c44f5efbc57126aee79193323aee0c02d27be2aeb58b",""
"VI68-031","Cho mình mượn sạc nhé","elevenlabs-new","unique-vi-segments-mp3/VI68-031.mp3","1.203","mp3","44100","1","128000","-5","-15.9","16efdda67e5205d9d469e23f56ba11152922e500027a733f71a8fb9546030798",""
"VI68-032","Tắt đèn","elevenlabs-new","unique-vi-segments-mp3/VI68-032.mp3","0.65","mp3","44100","1","128000","-4.7","-17.4","4dc12a5e0bc968eb2a36eeaf7da2e694ba87c7d4499551c67036c25525c2e93b",""
"VI68-033","Tiết kiệm nước","elevenlabs-new","unique-vi-segments-mp3/VI68-033.mp3","0.57","mp3","44100","1","128000","-4.2","-16.5","e29f6307b83edaec7280e62a011429a7a42a71a16a28b366e586ceeb9b27dc41",""
"VI68-034","Tái sử dụng túi","elevenlabs-new","unique-vi-segments-mp3/VI68-034.mp3","1.098","mp3","44100","1","128000","-5.1","-15.8","3ecf455a17593170ac9aa732f63a70e567f65fcca1f745b9f52dfc2235e83580",""
"VI68-035","Tái chế giấy","elevenlabs-new","unique-vi-segments-mp3/VI68-035.mp3","1.051","mp3","44100","1","128000","-6.1","-16.7","18f70ddc76752713898e9d023e0e9b505849efeec58c79872e21af12597a2d6c",""
"VI68-036","Nhặt rác","elevenlabs-new","unique-vi-segments-mp3/VI68-036.mp3","0.559","mp3","44100","1","128000","-4.8","-17.3","2947383f5a4460677ee1a0a044817b0df6cabca968320ae85a98e78e8cc11d1d",""
"VI68-037","Trước giờ học","reviewed-reuse","unique-vi-segments-mp3/VI68-037.mp3","1.2","mp3","44100","1","128000","-0.9","-12.4","f7e39e7ac516342487fbcdbb895dad085c02fdeebba7eeaef0de7076ec29d811",""
"VI68-038","Vào cuối tuần","reviewed-reuse","unique-vi-segments-mp3/VI68-038.mp3","0.96","mp3","44100","1","128000","-1.1","-12.1","9e61d5f2c569e2a642caa493c87fb7dffd9b87e2fbd707caa3471cbe187e1443",""
"VI68-039","Mình lên kế hoạch vào Chủ nhật","reviewed-reuse","unique-vi-segments-mp3/VI68-039.mp3","1.76","mp3","44100","1","128000","-0.9","-12.3","780b23fc9c9fa8cf8b2fc103de1c9210a84c00668e7c91f29da866f0428d0ec0",""
"VI68-040","Cải thiện tiếng Anh","reviewed-reuse","unique-vi-segments-mp3/VI68-040.mp3","1.223","mp3","44100","1","128000","-0.8","-11.8","22c8b1ba1aeba30f9e6520d83da0084f9c6d8520ac7f5307ec1c9ef5bc86d81f",""
"VI68-041","Đạt điểm tốt hơn","reviewed-reuse","unique-vi-segments-mp3/VI68-041.mp3","1.28","mp3","44100","1","128000","-0.9","-11.5","7bc2b5fa3f97cdb5bd3fb82cbdbbe78349c3ddd57e1afc771c41d3c0d1eac8a3",""
"VI68-042","Hoàn thành bài sớm hơn","reviewed-reuse","unique-vi-segments-mp3/VI68-042.mp3","1.6","mp3","44100","1","128000","-0.9","-12.3","b0b35d6bd9581a47bb441b8755adcbbf35fcfd9cc6b3c8ad4fe7cc9388a40a56",""
"VI68-043","Tiếp tục luyện tập","reviewed-reuse","unique-vi-segments-mp3/VI68-043.mp3","1.12","mp3","44100","1","128000","-0.9","-15.7","5776cbaab29d8f24a71bb525fda702c9f1fca9714baab856e2c2b6237daa2efe",""
"VI68-044","Vì mình thích nó","reviewed-reuse","unique-vi-segments-mp3/VI68-044.mp3","1.12","mp3","44100","1","128000","-0.9","-11.7","67a2c48222559e0c0574a9dab36358915e143c9843ac9b49245ed05c69e27a3a",""
"VI68-045","Giá tiền","reviewed-reuse","unique-vi-segments-mp3/VI68-045.mp3","0.72","mp3","44100","1","128000","-0.8","-12.2","f5bfb0286ce4254b483239c2108e94f3f05a0978a8cc1d3f5c1ece3475c00cf7",""
"VI68-046","Ngân sách của mình","reviewed-reuse","unique-vi-segments-mp3/VI68-046.mp3","1.04","mp3","44100","1","128000","-0.7","-11.9","7c6f7e209abc22f63a89b6db1a3e2e2504052c776dc53dbba3deb1555ca72d02",""
"VI68-047","Tiêu tiền","reviewed-reuse","unique-vi-segments-mp3/VI68-047.mp3","0.64","mp3","44100","1","128000","-0.9","-10.3","9ad595e04cc144ca2d9126f7ac11dcaf76e9872f17d71a5924c04181375d2efc",""
"VI68-048","Nó có đáng không","reviewed-reuse","unique-vi-segments-mp3/VI68-048.mp3","1.04","mp3","44100","1","128000","-1.2","-11.3","5c89c16c760c3b68d575f5764e23c56413e798b4842c6a9ff7d90e04aadc87a8",""
"VI68-049","Mình sẽ suy nghĩ thêm","reviewed-reuse","unique-vi-segments-mp3/VI68-049.mp3","1.36","mp3","44100","1","128000","-0.9","-12.7","371a90f7c614277c36ef87718d4c8054fdfd0891b411e6dbcf54b8c7271bad9f",""
"VI68-050","Mình cần ngủ thêm","reviewed-reuse","unique-vi-segments-mp3/VI68-050.mp3","1.28","mp3","44100","1","128000","-1.2","-12.3","b51158d4ce4f1f5739e3514019b6956a436b57b7bf11ebbf7aff672d2f6d8457",""
"VI68-051","Cất điện thoại đi","reviewed-reuse","unique-vi-segments-mp3/VI68-051.mp3","1.04","mp3","44100","1","128000","-1.1","-11.4","1f2478b953cd10b25f652f4349843bc302c317c61d5bc4bc3a57f3611c386933",""
"VI68-052","Ảnh cá nhân","reviewed-reuse","unique-vi-segments-mp3/VI68-052.mp3","0.88","mp3","44100","1","128000","-1.1","-10.8","513eb267234e014efd62eec94afb0cc9556d9652de9f8bdde27eb0e086e9cf30",""
"VI68-053","Chặn người dùng lạ","reviewed-reuse","unique-vi-segments-mp3/VI68-053.mp3","1.28","mp3","44100","1","128000","-0.6","-11.4","885ad47bdf078e4deadf6151a967e7a24699fc6ab2346ca1f1e6943f01b4a68d",""
"VI68-054","Vé","reviewed-reuse","unique-vi-segments-mp3/VI68-054.mp3","0.4","mp3","44100","1","128000","-1","-12","efd00b2ec8cb2e6d457fbac0bde5b29b176e2384a076f2fb2809a49c0130950c",""
"VI68-055","Tàu","reviewed-reuse","unique-vi-segments-mp3/VI68-055.mp3","0.72","mp3","44100","1","128000","-0.8","-11.6","c27769b60ead501997d1bb97b3bf0d66dedbbc34c9fd67ed97b4714fb0389b75",""
"VI68-056","Khởi hành","reviewed-reuse","unique-vi-segments-mp3/VI68-056.mp3","0.64","mp3","44100","1","128000","-1.6","-12","1514734c7f2825687d78936476cae9fa8899bb28037b41bb83b5b622d11d9cc4",""
"VI68-057","Lối ra ở đâu","reviewed-reuse","unique-vi-segments-mp3/VI68-057.mp3","1.2","mp3","44100","1","128000","-1","-9.5","47a4aebe209cc4240a83da08e32c55e1421b76c0bb037e04fb3f9062540d98d1",""
"VI68-058","Thực đơn","reviewed-reuse","unique-vi-segments-mp3/VI68-058.mp3","1.2","mp3","44100","1","128000","-1","-12.6","865257d99c05612231c566557dda4ae69bdbdaa565cefd179154e41684ba8cd4",""
"VI68-059","Đồ uống","reviewed-reuse","unique-vi-segments-mp3/VI68-059.mp3","0.796","mp3","44100","1","128000","-1.3","-10.7","d1ea99c496c4bfb0294543b7b080c696f5b739a6a491dbe211b541d038ce83f4",""
"VI68-060","Hóa đơn","reviewed-reuse","unique-vi-segments-mp3/VI68-060.mp3","0.72","mp3","44100","1","128000","-1","-10.4","051efae71e79fa26b8e8c99a71995a18fe525a1b70ff4e7af1242587d4c9da89",""
"VI68-061","Rẻ hơn","reviewed-reuse","unique-vi-segments-mp3/VI68-061.mp3","0.64","mp3","44100","1","128000","-1.1","-10.7","dd7e7ea71bf1c262b96c2d53cca60b7b468a81cbe9084fbdcdf9654736babcbf",""
"VI68-062","Nhanh hơn","reviewed-reuse","unique-vi-segments-mp3/VI68-062.mp3","0.72","mp3","44100","1","128000","-0.8","-10.3","74a7a2f190bd25adb57bb59ef7b1a4d054b40ecd9c7ed9c85aa742e454575f02",""
"VI68-063","Hữu ích hơn","reviewed-reuse","unique-vi-segments-mp3/VI68-063.mp3","0.88","mp3","44100","1","128000","-1","-11.9","b7ab37bcbcbd1637435096c2eb83ac1b2c2e88d45fde7ccdb2fac30811d78fa2",""
"VI68-064","Mình sẽ chọn cái này","reviewed-reuse","unique-vi-segments-mp3/VI68-064.mp3","1.2","mp3","44100","1","128000","-0.9","-12.6","3927fb2fc2c6b6a3b9a6843680983b808c6d2bcb081282be897e15d3356cd928",""
"VI68-065","Mình muốn tiết kiệm tiền","reviewed-reuse","unique-vi-segments-mp3/VI68-065.mp3","1.36","mp3","44100","1","128000","-1","-12.7","6cb0f280b8c8f43bc755963c1f0d209358ea48a1ecbb77adecd279cc080b4d81",""
"VI68-066","Mình sẽ luyện tập mỗi ngày","reviewed-reuse","unique-vi-segments-mp3/VI68-066.mp3","1.6","mp3","44100","1","128000","-0.9","-13.1","543c077c2a436602c3ea56809d469c7591cc64e18324fbfb0ad79e08cace45fd",""
