"key","file","durationSeconds","expectedDurationSeconds","durationDeltaSeconds","codec","sampleRate","channels","bitRate","maxDb","meanDb","sizeBytes","sha256","qaFlags"
"listening.challenge.C810-L1-T01-B01-Q07.prompt.vi","challenge-8-10/listening.challenge.C810-L1-T01-B01-Q07.prompt.vi.mp3","5.224","5.223","0.001","mp3","44100","1","128000","-1.4","-16","84471","f9a2a42d7edcefaf088e3bd9472e9c3501d3970edfcfcb0cf5dfbcf01e0f4174",""
"listening.challenge.C810-L1-T01-B01-Q08.prompt.vi","challenge-8-10/listening.challenge.C810-L1-T01-B01-Q08.prompt.vi.mp3","5.369","5.369","0","mp3","44100","1","128000","-0.4","-16.5","86979","510d4272d862c9933de281bc4449e0db38bb06dce18cc6bae5006b25c545da92",""
"listening.challenge.C810-L1-T01-B01-Q03.prompt.vi","challenge-8-10/listening.challenge.C810-L1-T01-B01-Q03.prompt.vi.mp3","3.785","3.784","0.001","mp3","44100","1","128000","-1.8","-15.1","61484","7dc7f41ea1dace30fb2939e87b2f6038989d0e66d7aec2e378fbe1e1a15794ad",""
"listening.challenge.C810-L1-T01-B01-Q04.prompt.vi","challenge-8-10/listening.challenge.C810-L1-T01-B01-Q04.prompt.vi.mp3","4.383","4.383","0","mp3","44100","1","128000","-1.7","-17","71097","94f6300f4191ba910f377064a57990e3f1ff4b143cd0acb136fc2441aaede707",""
"listening.challenge.C810-L1-T01-B01-Q05.prompt.vi","challenge-8-10/listening.challenge.C810-L1-T01-B01-Q05.prompt.vi.mp3","3.83","3.829","0.001","mp3","44100","1","128000","-0.9","-14.7","62319","2cc80a18c14a235e82823868452c6c06881e7d4c082f2fd5780f7a43cc0545fb",""
"listening.challenge.C810-L1-T01-B02-Q06.prompt.vi","challenge-8-10/listening.challenge.C810-L1-T01-B02-Q06.prompt.vi.mp3","6.55","6.55","0","mp3","44100","1","128000","-0.9","-14.1","105787","762cc62a3316876d2a8adfb70faba2869bb015e934d740d5913cf987da88d0c2",""
"listening.challenge.C810-L1-T01-B02-Q07.prompt.vi","challenge-8-10/listening.challenge.C810-L1-T01-B02-Q07.prompt.vi.mp3","7.062","7.061","0.001","mp3","44100","1","128000","-1.2","-13.6","114146","f630fcc98a8fa7aa982b68d06123aab68565da552ed236635bad1109754082d6",""
"listening.challenge.C810-L1-T01-B02-Q08.prompt.vi","challenge-8-10/listening.challenge.C810-L1-T01-B02-Q08.prompt.vi.mp3","6.871","6.87","0.001","mp3","44100","1","128000","-1.5","-16.7","111221","87eba5d0921330c3bee798f6fb53bac7f60c2381495eb702cf78d9a4af2cb2af",""
"listening.challenge.C810-L1-T01-B02-Q04.prompt.vi","challenge-8-10/listening.challenge.C810-L1-T01-B02-Q04.prompt.vi.mp3","4.886","4.885","0.001","mp3","44100","1","128000","-1.4","-14.2","79456","a1a450abbc955c227a511f26fb7aef0c305c43a3dff935d9f72182495660b250",""
"listening.challenge.C810-L1-T01-B02-Q05.prompt.vi","challenge-8-10/listening.challenge.C810-L1-T01-B02-Q05.prompt.vi.mp3","4.992","4.991","0.001","mp3","44100","1","128000","-1.3","-14.7","81128","94d639a89b2b0a93cfe434b8db67285b6b7042f9eb21e1dbef7fc1f6e942f4c2",""
"listening.challenge.C810-L1-T02-B01-Q06.prompt.vi","challenge-8-10/listening.challenge.C810-L1-T02-B01-Q06.prompt.vi.mp3","4.872","4.871","0.001","mp3","44100","1","128000","-1.3","-16.4","79038","c374e6127426d49635328961c4932e5f1ed1934e58ac9f4bdee3854ca7aa55e8",""
"listening.challenge.C810-L1-T02-B01-Q07.prompt.vi","challenge-8-10/listening.challenge.C810-L1-T02-B01-Q07.prompt.vi.mp3","4.542","4.541","0.001","mp3","44100","1","128000","-1.2","-13.8","73604","6fa4e0a0994e9c23b76f308bea233b46620aa3e7268fe970ae8b93c2ebb3139b",""
"listening.challenge.C810-L1-T02-B01-Q08.prompt.vi","challenge-8-10/listening.challenge.C810-L1-T02-B01-Q08.prompt.vi.mp3","4.864","4.864","0","mp3","44100","1","128000","-1.1","-14.2","79038","0253c3ee0083c2de9e025a642c24967b611276bd6db1027d9ad7c1c6ad746497",""
"listening.challenge.C810-L1-T02-B01-Q04.prompt.vi","challenge-8-10/listening.challenge.C810-L1-T02-B01-Q04.prompt.vi.mp3","3.142","3.141","0.001","mp3","44100","1","128000","-1.5","-14.5","51453","b14ad72e8a99c7339410092de8bc249a0b940ecf4750bc36e7bd272d88a5631c",""
"listening.challenge.C810-L1-T02-B01-Q05.prompt.vi","challenge-8-10/listening.challenge.C810-L1-T02-B01-Q05.prompt.vi.mp3","3.641","3.64","0.001","mp3","44100","1","128000","-1.3","-13.6","59394","6bf99627ca37a8d47ca4f9f65b56b98e3a3d7abcccec7339590e811f8fa647fb",""
"listening.challenge.C810-L1-T02-B02-Q05.prompt.vi","challenge-8-10/listening.challenge.C810-L1-T02-B02-Q05.prompt.vi.mp3","6.222","6.221","0.001","mp3","44100","1","128000","-1.6","-16.6","100772","9361d0cb3050e513e8f320edaffe4eac1aab0251f118ec277c84bef10083a410",""
"listening.challenge.C810-L1-T02-B02-Q06.prompt.vi","challenge-8-10/listening.challenge.C810-L1-T02-B02-Q06.prompt.vi.mp3","6.639","6.639","0","mp3","44100","1","128000","-1.6","-16.4","107459","ac3477bb6fabedb34ad3defce492140c10461d7a59081563e41f25a886f0c5e0",""
"listening.challenge.C810-L1-T02-B02-Q07.prompt.vi","challenge-8-10/listening.challenge.C810-L1-T02-B02-Q07.prompt.vi.mp3","5.152","5.151","0.001","mp3","44100","1","128000","-1.2","-13.8","83635","b835ebe0650bc526a24ece4e6b62a55b87c5877e93e12cceb9ca94cfe6685ef2",""
"listening.challenge.C810-L1-T02-B02-Q04.prompt.vi","challenge-8-10/listening.challenge.C810-L1-T02-B02-Q04.prompt.vi.mp3","3.706","3.705","0.001","mp3","44100","1","128000","-1.4","-14.2","60230","6dcb93bae1630ee4dd5e36af5b222c3875b01e9677a67b194b5732018211d041",""
"listening.challenge.C810-L1-T02-B02-Q08.prompt.vi","challenge-8-10/listening.challenge.C810-L1-T02-B02-Q08.prompt.vi.mp3","7.312","7.312","0","mp3","44100","1","128000","-1.2","-16.2","117908","904493eed88b9e627b9883b06fb73d5689af4ad13b010e43ecc12ec3c61413d7",""
"listening.challenge.C810-L1-T03-B01-Q07.prompt.vi","challenge-8-10/listening.challenge.C810-L1-T03-B01-Q07.prompt.vi.mp3","4.977","4.976","0.001","mp3","44100","1","128000","-1","-13.9","80710","a6faca6aa470356a8cee17c185c3444dafd1e07d766b3b7e6d84beb4b857b379",""
"listening.challenge.C810-L1-T03-B01-Q08.prompt.vi","challenge-8-10/listening.challenge.C810-L1-T03-B01-Q08.prompt.vi.mp3","5.312","5.311","0.001","mp3","44100","1","128000","-1.7","-15.2","86143","877f73ec24ab93f67552718ce3327ed051c78f7ef425654070791af67251be7d",""
"listening.challenge.C810-L1-T03-B01-Q03.prompt.vi","challenge-8-10/listening.challenge.C810-L1-T03-B01-Q03.prompt.vi.mp3","4.547","4.546","0.001","mp3","44100","1","128000","-1.1","-15.4","74022","4436b3f82388642f63697a982c32d221a5f45524a71243b080c4f527c3755071",""
"listening.challenge.C810-L1-T03-B01-Q04.prompt.vi","challenge-8-10/listening.challenge.C810-L1-T03-B01-Q04.prompt.vi.mp3","4.147","4.146","0.001","mp3","44100","1","128000","-1.7","-15.2","67335","625f54fb050d01cb15392f444dc6ffd7c92f08c66267377aae4e83292dc3e4e3",""
"listening.challenge.C810-L1-T03-B01-Q05.prompt.vi","challenge-8-10/listening.challenge.C810-L1-T03-B01-Q05.prompt.vi.mp3","4.032","4.031","0.001","mp3","44100","1","128000","-1.5","-15.4","65663","5997b15781218afab3cc6be362e8c53251605eb45f387dcfd273f1f4eae01980",""
"listening.challenge.C810-L1-T03-B02-Q01.prompt.vi","challenge-8-10/listening.challenge.C810-L1-T03-B02-Q01.prompt.vi.mp3","5.732","5.731","0.001","mp3","44100","1","128000","-1.3","-14.6","92831","620309d291b3fd24a9816c3e636f1483a222dcec19eb556b34f8713bfd9dcc2d",""
"listening.challenge.C810-L1-T03-B02-Q02.prompt.vi","challenge-8-10/listening.challenge.C810-L1-T03-B02-Q02.prompt.vi.mp3","4.55","4.549","0.001","mp3","44100","1","128000","-1.3","-15.7","74022","8062db7b7544719145c452dafa1bb69896545523bdb21443b614b171135928ac",""
"listening.challenge.C810-L1-T03-B02-Q03.prompt.vi","challenge-8-10/listening.challenge.C810-L1-T03-B02-Q03.prompt.vi.mp3","5.208","5.207","0.001","mp3","44100","1","128000","-1.3","-16.6","84471","6d5fb6ef295422b8d6406f1eebe3d4ee37e39f1145d84d2faae8409c720894c5",""
"listening.challenge.C810-L1-T03-B02-Q04.prompt.vi","challenge-8-10/listening.challenge.C810-L1-T03-B02-Q04.prompt.vi.mp3","5.782","5.781","0.001","mp3","44100","1","128000","-1.4","-15.4","93666","71faf857418e82aabb7465185ad1bc546c88cf23e10e1fa738f4c41b8317c7b4",""
"listening.challenge.C810-L1-T03-B02-Q05.prompt.vi","challenge-8-10/listening.challenge.C810-L1-T03-B02-Q05.prompt.vi.mp3","5.702","5.701","0.001","mp3","44100","1","128000","-1.3","-14.6","92413","097ccdbffa909c8e6c2941eeafbce623bdd7382f9242668d3d3506abc6b158e3",""
"listening.challenge.C810-L2-T04-B01-Q06.prompt.vi","challenge-8-10/listening.challenge.C810-L2-T04-B01-Q06.prompt.vi.mp3","4.416","4.416","0","mp3","44100","1","128000","-0.8","-14.3","71933","ab1ea5cb7130a9abcd545050beaf31e29da2b51373e2712874705d5a7c01f263",""
"listening.challenge.C810-L2-T04-B01-Q07.prompt.vi","challenge-8-10/listening.challenge.C810-L2-T04-B01-Q07.prompt.vi.mp3","4.518","4.518","0","mp3","44100","1","128000","-1","-14.6","73186","93e14b70f5c7923da171fad958a8758f38b1e1e1c52e7395457aff060c81c268",""
"listening.challenge.C810-L2-T04-B01-Q08.prompt.vi","challenge-8-10/listening.challenge.C810-L2-T04-B01-Q08.prompt.vi.mp3","4.721","4.72","0.001","mp3","44100","1","128000","-1.3","-16.1","76530","1f215324c7552b358a2ed5a55427f398212e0bd4b07eb579a132c93757eb3496",""
"listening.challenge.C810-L2-T04-B01-Q04.prompt.vi","challenge-8-10/listening.challenge.C810-L2-T04-B01-Q04.prompt.vi.mp3","3.69","3.689","0.001","mp3","44100","1","128000","-1.3","-15.3","60230","6c50713e9de6ba5e55aa51daaee347f9298f2c68af6510d433b67f89730fbe2f",""
"listening.challenge.C810-L2-T04-B01-Q05.prompt.vi","challenge-8-10/listening.challenge.C810-L2-T04-B01-Q05.prompt.vi.mp3","4.451","4.45","0.001","mp3","44100","1","128000","-0.9","-14.6","72351","9c7ac60f486f48530af6e4e4014282bd2e24ab3899c93940052b046cda90dfa9",""
"listening.challenge.C810-L2-T04-B02-Q07.prompt.vi","challenge-8-10/listening.challenge.C810-L2-T04-B02-Q07.prompt.vi.mp3","4.648","4.647","0.001","mp3","44100","1","128000","-1.4","-16.6","75276","9d94db929841e45bb7cfd516dd730066bc134dcedc8b6b5682e9f3b6225dd223",""
"listening.challenge.C810-L2-T04-B02-Q08.prompt.vi","challenge-8-10/listening.challenge.C810-L2-T04-B02-Q08.prompt.vi.mp3","5.333","5.332","0.001","mp3","44100","1","128000","-0.9","-16.4","86561","ab1292a17fa02f154e53871b02bd41c747588177fb29c9a974acf665a51ba752",""
"listening.challenge.C810-L2-T04-B02-Q03.prompt.vi","challenge-8-10/listening.challenge.C810-L2-T04-B02-Q03.prompt.vi.mp3","5.189","5.188","0.001","mp3","44100","1","128000","-1.3","-16.2","84053","c570a41e304cc941895dfef572e76f6dc110205cfbf8040c2cb08ea0cbd5863a",""
"listening.challenge.C810-L2-T04-B02-Q04.prompt.vi","challenge-8-10/listening.challenge.C810-L2-T04-B02-Q04.prompt.vi.mp3","4.672","4.671","0.001","mp3","44100","1","128000","-1.1","-15","75694","c2d271b79474b81af5a13447d321bf7263fbd4abea72604e6144c8ba714f05c1",""
"listening.challenge.C810-L2-T04-B02-Q05.prompt.vi","challenge-8-10/listening.challenge.C810-L2-T04-B02-Q05.prompt.vi.mp3","4.832","4.831","0.001","mp3","44100","1","128000","-1","-16.3","78202","17d66afdb8e7c30dfb8aa707654a2f776a30514089b66299d50ba2ba8353b987",""
"listening.challenge.C810-L2-T04-B03-Q08.prompt.vi","challenge-8-10/listening.challenge.C810-L2-T04-B03-Q08.prompt.vi.mp3","4.48","4.48","0","mp3","44100","1","128000","-1.2","-15.6","72768","998c83808ddcf4aa1a3a26e705b5d35a013ef32e928146906f2186676e74842f",""
"listening.challenge.C810-L2-T04-B03-Q02.prompt.vi","challenge-8-10/listening.challenge.C810-L2-T04-B03-Q02.prompt.vi.mp3","4.547","4.546","0.001","mp3","44100","1","128000","-1.1","-14","74022","0e9673abc2531f6168577b81ff2a312ea3b007ee1863000295bcdca3d7895bff",""
"listening.challenge.C810-L2-T04-B03-Q06.prompt.vi","challenge-8-10/listening.challenge.C810-L2-T04-B03-Q06.prompt.vi.mp3","7.644","7.644","0","mp3","44100","1","128000","-1.5","-16.6","123342","713baacc8f27a49b5cf64896df489627ea0ec0e4d3b80055e41117d849c0c32e",""
"listening.challenge.C810-L2-T04-B03-Q04.prompt.vi","challenge-8-10/listening.challenge.C810-L2-T04-B03-Q04.prompt.vi.mp3","3.712","3.711","0.001","mp3","44100","1","128000","-1.2","-15.2","60648","debcea35a375909f35251e0b2eb29d4a42ad73d397d3b99f6eca996fd4f53e6f",""
"listening.challenge.C810-L2-T04-B03-Q07.prompt.vi","challenge-8-10/listening.challenge.C810-L2-T04-B03-Q07.prompt.vi.mp3","6.921","6.92","0.001","mp3","44100","1","128000","-1.3","-16.5","111639","c7dc18c62f20e6a296b3607ad526ae3dfaea4b595fd3a0660d5153ff39b343f7",""
"listening.challenge.C810-L2-T05-B01-Q08.prompt.vi","challenge-8-10/listening.challenge.C810-L2-T05-B01-Q08.prompt.vi.mp3","5.993","5.992","0.001","mp3","44100","1","128000","-1.3","-15.9","97010","0bde9e4dd429de2b32173e53118ad86e8d3422859085bcdeebfcc1bc23e154b3",""
"listening.challenge.C810-L2-T05-B01-Q06.prompt.vi","challenge-8-10/listening.challenge.C810-L2-T05-B01-Q06.prompt.vi.mp3","2.779","2.778","0.001","mp3","44100","1","128000","-1","-15.1","45601","18dcc0e877b02a0e1879e8d721c49d2880caddc3a868ac23438eea6d7e1dffaa",""
"listening.challenge.C810-L2-T05-B01-Q07.prompt.vi","challenge-8-10/listening.challenge.C810-L2-T05-B01-Q07.prompt.vi.mp3","2.609","2.608","0.001","mp3","44100","1","128000","-1.5","-16","42675","2a607c67e12caa8d6c727fb6fe983aa5c84531f34f2ebd44244bbc2ac7fc5206",""
"listening.challenge.C810-L2-T05-B01-Q04.prompt.vi","challenge-8-10/listening.challenge.C810-L2-T05-B01-Q04.prompt.vi.mp3","4.053","4.052","0.001","mp3","44100","1","128000","-1.2","-14.8","66081","aecae450ebb368589e118555fb91a0946c86cf72953c326db5e212d616222dc8",""
"listening.challenge.C810-L2-T05-B01-Q05.prompt.vi","challenge-8-10/listening.challenge.C810-L2-T05-B01-Q05.prompt.vi.mp3","4.45","4.449","0.001","mp3","44100","1","128000","-1.3","-14.6","72351","0c3992d19716ec7f86e18f1024ff02ccbb2a35a432c0904dc45870f399c74ca3",""
"listening.challenge.C810-L2-T05-B02-Q01.prompt.vi","challenge-8-10/listening.challenge.C810-L2-T05-B02-Q01.prompt.vi.mp3","4.673","4.672","0.001","mp3","44100","1","128000","-1.6","-15.7","75694","40112b092eecbd5ea28f74f80247c7fa6fcd3199cf56816fc422f16e4c1a4b3a",""
"listening.challenge.C810-L2-T05-B02-Q06.prompt.vi","challenge-8-10/listening.challenge.C810-L2-T05-B02-Q06.prompt.vi.mp3","8.355","8.354","0.001","mp3","44100","1","128000","-1.5","-16.7","134626","47526731a725c220f578780923d1d567146fa4b7505615168441c530c36f244b",""
"listening.challenge.C810-L2-T05-B02-Q07.prompt.vi","challenge-8-10/listening.challenge.C810-L2-T05-B02-Q07.prompt.vi.mp3","8.308","8.307","0.001","mp3","44100","1","128000","-1.1","-16.4","134208","db3abf249895f71add043d6738c23b59164f3249a22c0fb125ed5e9d2f7f410b",""
"listening.challenge.C810-L2-T05-B02-Q04.prompt.vi","challenge-8-10/listening.challenge.C810-L2-T05-B02-Q04.prompt.vi.mp3","4.272","4.271","0.001","mp3","44100","1","128000","-1.1","-15.6","69425","d5846bebf644f5adeade399a8b27cf664eccc139038d8da641a8ec21438b95e7",""
"listening.challenge.C810-L2-T05-B02-Q08.prompt.vi","challenge-8-10/listening.challenge.C810-L2-T05-B02-Q08.prompt.vi.mp3","7.865","7.864","0.001","mp3","44100","1","128000","-1.3","-16.5","127103","2fc7911910d867fe537c0401398faec5674c7e98692599172d03ede09ddd55a3",""
"listening.challenge.C810-L2-T06-B01-Q06.prompt.vi","challenge-8-10/listening.challenge.C810-L2-T06-B01-Q06.prompt.vi.mp3","4.132","4.131","0.001","mp3","44100","1","128000","-1.3","-16.4","67335","fd066fa9efe1a7464f9e61f9c3256177ef65b107d9c95ef7a9f1451dee2e519a",""
"listening.challenge.C810-L2-T06-B01-Q07.prompt.vi","challenge-8-10/listening.challenge.C810-L2-T06-B01-Q07.prompt.vi.mp3","4.87","4.869","0.001","mp3","44100","1","128000","-0.9","-16.6","79038","d7718279c3d6f37e31016ebf1fe88f620f8218b8b8c1db67b0a55632d326bf31",""
"listening.challenge.C810-L2-T06-B01-Q08.prompt.vi","challenge-8-10/listening.challenge.C810-L2-T06-B01-Q08.prompt.vi.mp3","4.625","4.624","0.001","mp3","44100","1","128000","-1.2","-16.4","75276","447067eabbf54ee3cc43d9622ed671ef65ac294b6fe7f2a9caa0ee93ce4e231c",""
"listening.challenge.C810-L2-T06-B01-Q04.prompt.vi","challenge-8-10/listening.challenge.C810-L2-T06-B01-Q04.prompt.vi.mp3","3.259","3.258","0.001","mp3","44100","1","128000","-1.3","-16.5","53124","33d0e0c22386aef8609353a32515f189c34cc9774445b7a658cdf9a601070d68",""
"listening.challenge.C810-L2-T06-B01-Q05.prompt.vi","challenge-8-10/listening.challenge.C810-L2-T06-B01-Q05.prompt.vi.mp3","3.517","3.516","0.001","mp3","44100","1","128000","-1.2","-17.1","57304","933d022beeee8bb9f7fbdd18cc24b1abae3c3de8362ddc6bac8acfba2054a2fb",""
"listening.challenge.C810-L2-T06-B02-Q01.prompt.vi","challenge-8-10/listening.challenge.C810-L2-T06-B02-Q01.prompt.vi.mp3","4.137","4.136","0.001","mp3","44100","1","128000","-1.3","-15","67335","859cd744d136b772631682d5f689a574434c320cf1bbb1ce592dd28d86131fd3",""
"listening.challenge.C810-L2-T06-B02-Q02.prompt.vi","challenge-8-10/listening.challenge.C810-L2-T06-B02-Q02.prompt.vi.mp3","3.952","3.951","0.001","mp3","44100","1","128000","-1","-14.4","64409","bcf4046ba655313b029880b37948293bef38f4b5f05625ad1584fed635093554",""
"listening.challenge.C810-L2-T06-B02-Q08.prompt.vi","challenge-8-10/listening.challenge.C810-L2-T06-B02-Q08.prompt.vi.mp3","7.715","7.714","0.001","mp3","44100","1","128000","-1.6","-16.3","124595","02747d2dba1d8af4de7f3fc585a55b571ab01787368de5f76937490f1ad6d292",""
"listening.challenge.C810-L2-T06-B02-Q06.prompt.vi","challenge-8-10/listening.challenge.C810-L2-T06-B02-Q06.prompt.vi.mp3","8.014","8.013","0.001","mp3","44100","1","128000","-1.6","-16.2","129193","3e0f3344e591062e627265f2b44b7f8ff05ec72c0a5dbd096de7ffb152e42905",""
"listening.challenge.C810-L2-T06-B02-Q07.prompt.vi","challenge-8-10/listening.challenge.C810-L2-T06-B02-Q07.prompt.vi.mp3","7.925","7.924","0.001","mp3","44100","1","128000","-1.2","-16","127939","6b5a8262caf5f85526c003ff8b6c3762821111ac4b83ea5fcbdbbfca8d5ed0e9",""
"listening.challenge.C810-L3-T07-B01-Q06.prompt.vi","challenge-8-10/listening.challenge.C810-L3-T07-B01-Q06.prompt.vi.mp3","4.549","4.548","0.001","mp3","44100","1","128000","-1.7","-17.4","74022","93154706840042b40d0b306a636d73c4585d865d6effe38d4000a7441d3cf1c6",""
"listening.challenge.C810-L3-T07-B01-Q07.prompt.vi","challenge-8-10/listening.challenge.C810-L3-T07-B01-Q07.prompt.vi.mp3","4.549","4.548","0.001","mp3","44100","1","128000","-1.5","-16.2","74022","255e7accfc5bfbefe1a26640ca5e15d97fbe7b2a49b940f043bc0865090c39d1",""
"listening.challenge.C810-L3-T07-B01-Q08.prompt.vi","challenge-8-10/listening.challenge.C810-L3-T07-B01-Q08.prompt.vi.mp3","4.547","4.547","0","mp3","44100","1","128000","-0.9","-15.2","74022","f580b7d044bfd3e075de0cd34f879595867d1c05a6b0e73ba62395aa7be9df08",""
"listening.challenge.C810-L3-T07-B01-Q04.prompt.vi","challenge-8-10/listening.challenge.C810-L3-T07-B01-Q04.prompt.vi.mp3","3.13","3.129","0.001","mp3","44100","1","128000","-0.9","-15.7","51035","6e4c82d3176563ee687000a784b03f0e82b2802a82a31e4b9de3885eeaac8f18",""
"listening.challenge.C810-L3-T07-B01-Q05.prompt.vi","challenge-8-10/listening.challenge.C810-L3-T07-B01-Q05.prompt.vi.mp3","3.232","3.231","0.001","mp3","44100","1","128000","-0.9","-16.4","52706","5a691efb6123aa945d90a78a7535731fd5ddddd573c50fefa204ae33ab6e7b9d",""
"listening.challenge.C810-L3-T07-B02-Q01.prompt.vi","challenge-8-10/listening.challenge.C810-L3-T07-B02-Q01.prompt.vi.mp3","4.222","4.221","0.001","mp3","44100","1","128000","-1.2","-14.4","68589","79032a88e6fd7008e1f2f363154b0e656b7190522132f3f9a32f1431192049cb",""
"listening.challenge.C810-L3-T07-B02-Q06.prompt.vi","challenge-8-10/listening.challenge.C810-L3-T07-B02-Q06.prompt.vi.mp3","8.316","8.315","0.001","mp3","44100","1","128000","-1.2","-17","134208","610b75fca3cdef4473ad81de4b6c5504b036e96201513d11a4cfb7c3391fa5e2",""
"listening.challenge.C810-L3-T07-B02-Q03.prompt.vi","challenge-8-10/listening.challenge.C810-L3-T07-B02-Q03.prompt.vi.mp3","4.023","4.022","0.001","mp3","44100","1","128000","-1.7","-14.9","65245","645c1ff5fe3829d7103e027626b11b2d2b7ae20877cce4347a43af370550825d",""
"listening.challenge.C810-L3-T07-B02-Q04.prompt.vi","challenge-8-10/listening.challenge.C810-L3-T07-B02-Q04.prompt.vi.mp3","3.93","3.929","0.001","mp3","44100","1","128000","-1.5","-15.9","63991","e9122c2e97048d1b4bb0a62e74030cd0370112dc7c45942cab912c17be7ddd29",""
"listening.challenge.C810-L3-T07-B02-Q07.prompt.vi","challenge-8-10/listening.challenge.C810-L3-T07-B02-Q07.prompt.vi.mp3","8.384","8.384","0","mp3","44100","1","128000","-1.5","-17.5","135044","9b6c1af517f1798df4c213f2e7e12da5f79c6d1e875dd4faba87f7794de54ea3",""
"listening.challenge.C810-L3-T07-B03-Q08.prompt.vi","challenge-8-10/listening.challenge.C810-L3-T07-B03-Q08.prompt.vi.mp3","4.119","4.119","0","mp3","44100","1","128000","-1.1","-14.1","66917","d3357cbae2c48aa4544d373f0ebd2dad2060f0281ceb8d6d05788ab44624ae3f",""
"listening.challenge.C810-L3-T07-B03-Q02.prompt.vi","challenge-8-10/listening.challenge.C810-L3-T07-B03-Q02.prompt.vi.mp3","4.3","4.299","0.001","mp3","44100","1","128000","-1.2","-14","69843","222e409cbd1714110159547ecee90f675e680dc918995b9927b2ec916e2ba98d",""
"listening.challenge.C810-L3-T07-B03-Q03.prompt.vi","challenge-8-10/listening.challenge.C810-L3-T07-B03-Q03.prompt.vi.mp3","4.672","4.671","0.001","mp3","44100","1","128000","-1.5","-15.2","75694","dfae5bf5f49e114bb878b433dd4d45cabc189173b6bbfe7b12416a9a883276c7",""
"listening.challenge.C810-L3-T07-B03-Q04.prompt.vi","challenge-8-10/listening.challenge.C810-L3-T07-B03-Q04.prompt.vi.mp3","4.672","4.671","0.001","mp3","44100","1","128000","-1.9","-15.4","75694","1468e5cbd9da244ebbda4b51a162a72f587104933ee1297f68d8485bb252ef87",""
"listening.challenge.C810-L3-T07-B03-Q05.prompt.vi","challenge-8-10/listening.challenge.C810-L3-T07-B03-Q05.prompt.vi.mp3","4.342","4.341","0.001","mp3","44100","1","128000","-1.6","-14.8","70679","0a539bcb88da066a866a014745baac70dd495e5b2661e6219d4c916f4cb2bf5e",""
"listening.challenge.C810-L3-T08-B01-Q01.prompt.vi","challenge-8-10/listening.challenge.C810-L3-T08-B01-Q01.prompt.vi.mp3","3.818","3.817","0.001","mp3","44100","1","128000","-1","-14.1","62319","fb145cbb28c388148827aeeccf8a5a0a548579bde75705f6320eb67e276080f4",""
"listening.challenge.C810-L3-T08-B01-Q02.prompt.vi","challenge-8-10/listening.challenge.C810-L3-T08-B01-Q02.prompt.vi.mp3","4.004","4.003","0.001","mp3","44100","1","128000","-1.7","-15.3","65245","62a09a86178a5f1ea3b89d8bde2ecf379f4235eae2a60cdf0d294307d29523ab",""
"listening.challenge.C810-L3-T08-B01-Q03.prompt.vi","challenge-8-10/listening.challenge.C810-L3-T08-B01-Q03.prompt.vi.mp3","4.336","4.335","0.001","mp3","44100","1","128000","-1.5","-15.7","70261","9909dbee145cd0036a4bd20b87035c93605d28f3d380aa7a5a4f250f5291defc",""
"listening.challenge.C810-L3-T08-B01-Q04.prompt.vi","challenge-8-10/listening.challenge.C810-L3-T08-B01-Q04.prompt.vi.mp3","3.91","3.909","0.001","mp3","44100","1","128000","-1.6","-15.7","63573","9fa415500e9815bbef9f346f47de185a66c93c8125dddcd6051f1e3e0aa2afa0",""
"listening.challenge.C810-L3-T08-B01-Q05.prompt.vi","challenge-8-10/listening.challenge.C810-L3-T08-B01-Q05.prompt.vi.mp3","4.052","4.051","0.001","mp3","44100","1","128000","-1.4","-15.4","66081","425d22e2d383a91668d51ea90c93b04e36875ff70eb966bd429d0431bcc14d48",""
"listening.challenge.C810-L3-T08-B02-Q01.prompt.vi","challenge-8-10/listening.challenge.C810-L3-T08-B02-Q01.prompt.vi.mp3","4.058","4.057","0.001","mp3","44100","1","128000","-1.6","-14.9","66081","90390f3a2c78cba40926f2f3ddc1ab97b83c206e7b335515a93b308436826e50",""
"listening.challenge.C810-L3-T08-B02-Q06.prompt.vi","challenge-8-10/listening.challenge.C810-L3-T08-B02-Q06.prompt.vi.mp3","6.265","6.265","0","mp3","44100","1","128000","-1.3","-15.8","101190","c7ff440e22f2701c4549a16769af8ebe25425a87436baca26e81d3ef6ed5f6ab",""
"listening.challenge.C810-L3-T08-B02-Q07.prompt.vi","challenge-8-10/listening.challenge.C810-L3-T08-B02-Q07.prompt.vi.mp3","7.227","7.227","0","mp3","44100","1","128000","-1.6","-16.4","116654","dde85979ec5909976de0824eae3b3160a7944d9a42c8bdad21bc02e4e3ad4155",""
"listening.challenge.C810-L3-T08-B02-Q08.prompt.vi","challenge-8-10/listening.challenge.C810-L3-T08-B02-Q08.prompt.vi.mp3","6.582","6.582","0","mp3","44100","1","128000","-1","-16.8","106205","7f250fdce341fbda86af626d12b5ee82231dfc61b7f9bec043470d4ba18cc9c2",""
"listening.challenge.C810-L3-T08-B02-Q05.prompt.vi","challenge-8-10/listening.challenge.C810-L3-T08-B02-Q05.prompt.vi.mp3","5.264","5.264","0","mp3","44100","1","128000","-1.6","-17","85307","e233fcfcfa905aff6e9f994facddbd9406761500a5b407f963cefdef79e12139",""
"listening.challenge.C810-L3-T09-B01-Q06.prompt.vi","challenge-8-10/listening.challenge.C810-L3-T09-B01-Q06.prompt.vi.mp3","6.041","6.04","0.001","mp3","44100","1","128000","-1.5","-15.8","97846","7765b8af52803e197af0eb0351655d2f6eab4a72a92634a5cbdb7fd42d63961c",""
"listening.challenge.C810-L3-T09-B01-Q07.prompt.vi","challenge-8-10/listening.challenge.C810-L3-T09-B01-Q07.prompt.vi.mp3","6.14","6.139","0.001","mp3","44100","1","128000","-1.3","-16.3","99518","ad1f891db9f1c94cf0636906099bfe6df6d05e4979755aab3194325debc79d0f",""
"listening.challenge.C810-L3-T09-B01-Q08.prompt.vi","challenge-8-10/listening.challenge.C810-L3-T09-B01-Q08.prompt.vi.mp3","6.131","6.13","0.001","mp3","44100","1","128000","-1.2","-16.8","99100","48f2e641ec91d9ab789e6223403022e22cf34f85301b3d3ee7e25cb43933ebfe",""
"listening.challenge.C810-L3-T09-B01-Q04.prompt.vi","challenge-8-10/listening.challenge.C810-L3-T09-B01-Q04.prompt.vi.mp3","5.069","5.068","0.001","mp3","44100","1","128000","-1.3","-14.8","82382","6aaeb29b3ee25eeaaa338e30f8ec3556e7a6ca85ed341140ef3bd18b9c05b8b4",""
"listening.challenge.C810-L3-T09-B01-Q05.prompt.vi","challenge-8-10/listening.challenge.C810-L3-T09-B01-Q05.prompt.vi.mp3","4.382","4.381","0.001","mp3","44100","1","128000","-1.2","-15.8","71097","f392b5bc2ba62545ab0f984e8f4941a3c69f451d30312441a6a2ac144012e1d5",""
"listening.challenge.C810-L3-T09-B02-Q01.prompt.vi","challenge-8-10/listening.challenge.C810-L3-T09-B02-Q01.prompt.vi.mp3","5.435","5.433","0.002","mp3","44100","1","128000","-1","-15.4","88233","43b2723480bfd9a91bd56b4f978fcb5be791aa3e9a767d49d772daf76d805549",""
"listening.challenge.C810-L3-T09-B02-Q02.prompt.vi","challenge-8-10/listening.challenge.C810-L3-T09-B02-Q02.prompt.vi.mp3","5.464","5.463","0.001","mp3","44100","1","128000","-1","-14.3","88651","649ac4bfb522166daa7e0832eaef023b5cc8d20a58197a2a16ae2ab7ca65c136",""
"listening.challenge.C810-L3-T09-B02-Q03.prompt.vi","challenge-8-10/listening.challenge.C810-L3-T09-B02-Q03.prompt.vi.mp3","5.552","5.551","0.001","mp3","44100","1","128000","-1","-14.5","89905","8cace94a9863443a2616894599cefede77802c6753811fd534c56528a5883b2a",""
"listening.challenge.C810-L3-T09-B02-Q08.prompt.vi","challenge-8-10/listening.challenge.C810-L3-T09-B02-Q08.prompt.vi.mp3","6.456","6.455","0.001","mp3","44100","1","128000","-1.3","-15","104533","179663657462f20206082a6654ab435e7c865cccbc9a22a23026e65ae9875160",""
"listening.challenge.C810-L3-T09-B02-Q05.prompt.vi","challenge-8-10/listening.challenge.C810-L3-T09-B02-Q05.prompt.vi.mp3","5.088","5.087","0.001","mp3","44100","1","128000","-1.7","-15.9","82382","4e0471b792fa0e9f0cc22ee1ae2de92c6d26b2fdfd2c2c1fde7c5fadf6a7d27c",""
"listening.challenge.C810-L3-T10-B01-Q07.prompt.vi","challenge-8-10/listening.challenge.C810-L3-T10-B01-Q07.prompt.vi.mp3","5.832","5.831","0.001","mp3","44100","1","128000","-1.6","-16.4","94502","d777f6e8004efcd9be3d93b04688a8726688b2452a3b2243b4f294f95f870ec9",""
"listening.challenge.C810-L3-T10-B01-Q08.prompt.vi","challenge-8-10/listening.challenge.C810-L3-T10-B01-Q08.prompt.vi.mp3","5.96","5.959","0.001","mp3","44100","1","128000","-1.6","-16.5","96592","77176852b9115b314b0a6e5adf59d45ee70593c2395cccaefa8ac6f62db04e9c",""
"listening.challenge.C810-L3-T10-B01-Q03.prompt.vi","challenge-8-10/listening.challenge.C810-L3-T10-B01-Q03.prompt.vi.mp3","4.192","4.191","0.001","mp3","44100","1","128000","-1.3","-14.9","68171","fbad87c333680dd8df3da5e600641116f52e9e54243d69efec6c5a414067404a",""
"listening.challenge.C810-L3-T10-B01-Q04.prompt.vi","challenge-8-10/listening.challenge.C810-L3-T10-B01-Q04.prompt.vi.mp3","3.997","3.996","0.001","mp3","44100","1","128000","-1.4","-16.1","64827","244c55b0e83dddfc434576e697b69cd4adb0507175af4027eb5648daf5deafe3",""
"listening.challenge.C810-L3-T10-B01-Q05.prompt.vi","challenge-8-10/listening.challenge.C810-L3-T10-B01-Q05.prompt.vi.mp3","4.243","4.242","0.001","mp3","44100","1","128000","-1.3","-16.2","69007","2ed6637c539312635ca107199871cfe421a5fbb356c50d659069ec29a1f0dac6",""
"listening.challenge.C810-L3-T10-B02-Q07.prompt.vi","challenge-8-10/listening.challenge.C810-L3-T10-B02-Q07.prompt.vi.mp3","5.462","5.462","0","mp3","44100","1","128000","-1.4","-16.7","88651","8f25b4865009b097914833ca6e8dd9b8ce132f96c63c62af60669e87a1f0620f",""
"listening.challenge.C810-L3-T10-B02-Q08.prompt.vi","challenge-8-10/listening.challenge.C810-L3-T10-B02-Q08.prompt.vi.mp3","5.503","5.502","0.001","mp3","44100","1","128000","-1.5","-16.8","89069","5cc02b7d9cc6a0c4ad0ef655fb88f76e46f3905a08417e31d88379e78f6429ff",""
"listening.challenge.C810-L3-T10-B02-Q03.prompt.vi","challenge-8-10/listening.challenge.C810-L3-T10-B02-Q03.prompt.vi.mp3","4.265","4.264","0.001","mp3","44100","1","128000","-1.7","-14.8","69425","0ab420ffebd6644c5651de7116548d2df9c8bc2458ffef04a1a10842e1175d8d",""
"listening.challenge.C810-L3-T10-B02-Q04.prompt.vi","challenge-8-10/listening.challenge.C810-L3-T10-B02-Q04.prompt.vi.mp3","4.345","4.344","0.001","mp3","44100","1","128000","-1.4","-15.5","70679","f8e76ae2e0358ef939f63970f5aa54d5502173dd7556893ffa353e9b71919c84",""
"listening.challenge.C810-L3-T10-B02-Q05.prompt.vi","challenge-8-10/listening.challenge.C810-L3-T10-B02-Q05.prompt.vi.mp3","4.531","4.53","0.001","mp3","44100","1","128000","-1.5","-15.8","73604","e48fd2ccaaf10800f6e9d093cba47cf7af4f4fabaeed3d75b3168d558ff356eb",""
