"order","questionId","file","durationSeconds","expectedDurationSeconds","durationDeltaSeconds","codec","sampleRate","channels","bitRate","maxDb","meanDb","sizeBytes","sha256","qaFlags"
"1","C1112-L1-T01-B01-Q06","merged-audio-mp3/listening.challenge.C1112-L1-T01-B01-Q06.prompt.vi.mp3","5.41","5.41","0","mp3","44100","1","128000","-1.3","-14.3","87815","30060041c055f20f15bf04c6d5554cacf4f0ac64452e9d83a9a3d225fafb9695",""
"2","C1112-L1-T01-B01-Q07","merged-audio-mp3/listening.challenge.C1112-L1-T01-B01-Q07.prompt.vi.mp3","5.556","5.556","0","mp3","44100","1","128000","-1.1","-13.5","89905","d5ea6683ffc860358c69d426c571643cf91862462a86d32df1aac476a355515b",""
"3","C1112-L1-T01-B01-Q08","merged-audio-mp3/listening.challenge.C1112-L1-T01-B01-Q08.prompt.vi.mp3","4.882","4.882","0","mp3","44100","1","128000","-2.5","-17.3","79038","b4a950a9c46d9ed16c07e6dc6fc0c2769906c7cd23a231b2930414482ec78b09",""
"4","C1112-L1-T01-B02-Q06","merged-audio-mp3/listening.challenge.C1112-L1-T01-B02-Q06.prompt.vi.mp3","6.434","6.434","0","mp3","44100","1","128000","-1.1","-13.5","104115","dc38cdfe1bec2e8b30aa1f89894dc34826e44b0a5cf13e4af39b64a0b6118e34",""
"5","C1112-L1-T01-B02-Q07","merged-audio-mp3/listening.challenge.C1112-L1-T01-B02-Q07.prompt.vi.mp3","6.286","6.286","0","mp3","44100","1","128000","-1.2","-16.2","101608","67e1209ae428f5f8f0ae2dc5c1a592afe2720d270bb95d9d1583796c195de48f",""
"6","C1112-L1-T01-B02-Q08","merged-audio-mp3/listening.challenge.C1112-L1-T01-B02-Q08.prompt.vi.mp3","6.409","6.409","0","mp3","44100","1","128000","-1.1","-13.7","103697","cad7215ef7b4357c2235615b569ce40a457e428994b36c41fd3e0996fdbc6b5c",""
"7","C1112-L1-T02-B01-Q06","merged-audio-mp3/listening.challenge.C1112-L1-T02-B01-Q06.prompt.vi.mp3","6.016","6.016","0","mp3","44100","1","128000","-1.1","-13.7","97428","f6445ec6cdcf901a29404c2f5ed5b1012dd2697aaf10efd0b03bdf38bf6ecc94",""
"8","C1112-L1-T02-B01-Q07","merged-audio-mp3/listening.challenge.C1112-L1-T02-B01-Q07.prompt.vi.mp3","5.319","5.319","0","mp3","44100","1","128000","-1.1","-15.1","86143","159acfe2f52faf1f261522c2080a0f6f174e272dacee03b77921dadb9a7a707f",""
"9","C1112-L1-T02-B01-Q08","merged-audio-mp3/listening.challenge.C1112-L1-T02-B01-Q08.prompt.vi.mp3","6.03","6.03","0","mp3","44100","1","128000","-1.2","-14.6","97428","51dd72135c983fb5cd1bfc01b4d7d83d6ae8d034d9f168da5c48e46b9baa9b8a",""
"10","C1112-L1-T03-B01-Q06","merged-audio-mp3/listening.challenge.C1112-L1-T03-B01-Q06.prompt.vi.mp3","5.181","5.181","0","mp3","44100","1","128000","-0.6","-14.2","84053","b9b1678ea255d9a5e74dc77e04a652ae079eba6fb713a5e180534a1409cf5e59",""
"11","C1112-L1-T03-B01-Q07","merged-audio-mp3/listening.challenge.C1112-L1-T03-B01-Q07.prompt.vi.mp3","6.694","6.694","0","mp3","44100","1","128000","-1.3","-13.8","108295","d28058de686777ce600b1ddcb5be88f5c0ca8faf2c4ca8adfde8c662e8d0f8dd",""
"12","C1112-L1-T03-B01-Q08","merged-audio-mp3/listening.challenge.C1112-L1-T03-B01-Q08.prompt.vi.mp3","5.874","5.874","0","mp3","44100","1","128000","-0.9","-13.3","94920","3fb27c68fea623e1043b87cedf5d551115a6b63f0c7d73af6c287edcbc9d5e1a",""
"13","C1112-L2-T04-B01-Q06","merged-audio-mp3/listening.challenge.C1112-L2-T04-B01-Q06.prompt.vi.mp3","4.686","4.686","0","mp3","44100","1","128000","-1.2","-12.9","76112","2651cb73d1ba01de433b065fc66fc3e3f2a73e8d32e12a1e3d048899efcc372c",""
"14","C1112-L2-T04-B01-Q07","merged-audio-mp3/listening.challenge.C1112-L2-T04-B01-Q07.prompt.vi.mp3","4.583","4.583","0","mp3","44100","1","128000","-1.3","-14.4","74440","06386ba4e407ddc3dd24af1305fca104dd266b5c74034db867eab0900f5e76b7",""
"15","C1112-L2-T04-B01-Q08","merged-audio-mp3/listening.challenge.C1112-L2-T04-B01-Q08.prompt.vi.mp3","4.793","4.793","0","mp3","44100","1","128000","-1.3","-14.5","77784","d77ec8a4cebd2b4c9a32a765979b4e492357fa579b05687097795044eab0b2e0",""
"16","C1112-L2-T05-B01-Q06","merged-audio-mp3/listening.challenge.C1112-L2-T05-B01-Q06.prompt.vi.mp3","5.165","5.165","0","mp3","44100","1","128000","-0.9","-13.8","83635","ee8ca2d4ad398aca2131440a777121b46373a5fe449fe1b688f0e5c2c6af8a16",""
"17","C1112-L2-T05-B01-Q07","merged-audio-mp3/listening.challenge.C1112-L2-T05-B01-Q07.prompt.vi.mp3","5.721","5.721","0","mp3","44100","1","128000","-0.8","-15","92413","68f3723dd10e8aa48520cb228fa70a3425d45ac6ff9c3374994c5d50282dea13",""
"18","C1112-L2-T05-B01-Q08","merged-audio-mp3/listening.challenge.C1112-L2-T05-B01-Q08.prompt.vi.mp3","5.226","5.226","0","mp3","44100","1","128000","-1.6","-17.2","84889","2bd99f17e6b51e03eed24cc8034d99e4c56457d8b9b6a5694b4097b80af4c690",""
"19","C1112-L2-T06-B01-Q06","merged-audio-mp3/listening.challenge.C1112-L2-T06-B01-Q06.prompt.vi.mp3","4.83","4.83","0","mp3","44100","1","128000","-0.9","-14.9","78202","48d013d38905b74ec32f82d66bb0fd6aa6c54cf6788c48ef418bfe06c0c40279",""
"20","C1112-L2-T06-B01-Q07","merged-audio-mp3/listening.challenge.C1112-L2-T06-B01-Q07.prompt.vi.mp3","4.514","4.514","0","mp3","44100","1","128000","-1.3","-16.8","73186","301c068b7ff0f9776d540fd7e5426e05ed828b6f73926c72df0a11ae3248f4de",""
"21","C1112-L2-T06-B01-Q08","merged-audio-mp3/listening.challenge.C1112-L2-T06-B01-Q08.prompt.vi.mp3","4.748","4.748","0","mp3","44100","1","128000","-1","-14","76948","e0c0500f5447a1b476818f84c6e0421ef37c7bc7b9a3d01b58b60d59af639938",""
"22","C1112-L3-T07-B01-Q07","merged-audio-mp3/listening.challenge.C1112-L3-T07-B01-Q07.prompt.vi.mp3","5.65","5.65","0","mp3","44100","1","128000","-1","-14.7","91577","e69a60569bf38cc609bfc49d2c96e9d54d47372c5312146274396b2a3958fb3c",""
"23","C1112-L3-T07-B01-Q08","merged-audio-mp3/listening.challenge.C1112-L3-T07-B01-Q08.prompt.vi.mp3","5.572","5.572","0","mp3","44100","1","128000","-0.9","-14.9","90323","3e7747dd081610b7ab47db0eb4e73e3416c778f6122bf700845e97f1698e2403",""
"24","C1112-L3-T07-B03-Q08","merged-audio-mp3/listening.challenge.C1112-L3-T07-B03-Q08.prompt.vi.mp3","5.216","5.216","0","mp3","44100","1","128000","-1.1","-16.2","84471","797bfe7c6568ecdd1f40c0b073ddc373cc6433765e5644d143130f91d42d6ca0",""
"25","C1112-L3-T08-B01-Q06","merged-audio-mp3/listening.challenge.C1112-L3-T08-B01-Q06.prompt.vi.mp3","4.396","4.396","0","mp3","44100","1","128000","-1.3","-15","71515","7d48b3c4f269b1542aab1009ddae3ff6c1b365480a78a4ba8244b45eda76ef72",""
"26","C1112-L3-T08-B01-Q07","merged-audio-mp3/listening.challenge.C1112-L3-T08-B01-Q07.prompt.vi.mp3","4.364","4.363","0.001","mp3","44100","1","128000","-0.8","-12.9","71097","14a8e0788845b1ba99787aa027e33111e5e92502fcffc9465b998edc254b3528",""
"27","C1112-L3-T08-B01-Q08","merged-audio-mp3/listening.challenge.C1112-L3-T08-B01-Q08.prompt.vi.mp3","4.842","4.842","0","mp3","44100","1","128000","-1.6","-15.9","78620","31b282bbf8ab35c53d2a35daa433f884f2b6862868248538063beaf3bbdf9f93",""
"28","C1112-L3-T08-B03-Q07","merged-audio-mp3/listening.challenge.C1112-L3-T08-B03-Q07.prompt.vi.mp3","6.516","6.516","0","mp3","44100","1","128000","-0.9","-14.2","105369","8a878b66a60bb852ac6d3a863d9de07186ea113659c893b35a780a931c4430db",""
"29","C1112-L3-T08-B03-Q08","merged-audio-mp3/listening.challenge.C1112-L3-T08-B03-Q08.prompt.vi.mp3","6.047","6.047","0","mp3","44100","1","128000","-1.3","-13.2","97846","ccdf0e500dd35b57fb9928842175ac764913d312bdb1ddcb9c767f6737bda378",""
"30","C1112-L3-T09-B01-Q08","merged-audio-mp3/listening.challenge.C1112-L3-T09-B01-Q08.prompt.vi.mp3","7.449","7.449","0","mp3","44100","1","128000","-0.9","-14.6","120416","9b96a19a070fe4c79fab6276585ddbeb337f61b7102ad866d4407fb5f1897fa5",""
"31","C1112-L3-T09-B02-Q07","merged-audio-mp3/listening.challenge.C1112-L3-T09-B02-Q07.prompt.vi.mp3","6.662","6.661","0.001","mp3","44100","1","128000","-1.5","-16.6","107877","4c62be0cf7d9e8650fc0c7b94474a1885c69840cea1369cfed406bda65a07a0c",""
"32","C1112-L3-T09-B02-Q08","merged-audio-mp3/listening.challenge.C1112-L3-T09-B02-Q08.prompt.vi.mp3","6.463","6.463","0","mp3","44100","1","128000","-1.1","-13.7","104533","e401024ecc1b2064cc001804d9932cde24e6ba59cf1cb30ed0b34d7669b53355",""
"33","C1112-L3-T10-B01-Q07","merged-audio-mp3/listening.challenge.C1112-L3-T10-B01-Q07.prompt.vi.mp3","5.801","5.801","0","mp3","44100","1","128000","-1.1","-14.4","94084","586bb3abcb7f41c29dc6c7bea64728eda2749731755907dbbfa479b44647eeaf",""
"34","C1112-L3-T10-B01-Q08","merged-audio-mp3/listening.challenge.C1112-L3-T10-B01-Q08.prompt.vi.mp3","5.07","5.07","0","mp3","44100","1","128000","-1.8","-16.5","82382","f3346d1f8cf15a25f45ca396d7275efd7dde11d0601fd1f55e6abdf4844ff230",""
"35","C1112-L3-T10-B02-Q06","merged-audio-mp3/listening.challenge.C1112-L3-T10-B02-Q06.prompt.vi.mp3","5.88","5.88","0","mp3","44100","1","128000","-1.1","-14","95338","5f5035fa5b18837fe060d33f3d1ab68fd68333f6e622057cff0f7526f04798f2",""
"36","C1112-L3-T10-B02-Q07","merged-audio-mp3/listening.challenge.C1112-L3-T10-B02-Q07.prompt.vi.mp3","6.596","6.596","0","mp3","44100","1","128000","-1","-14","106623","34e7dfc2be203a469607d337784c8ca42b5851699d1fd8242ab29aa4ef7f4c0e",""
"37","C1112-L3-T10-B02-Q08","merged-audio-mp3/listening.challenge.C1112-L3-T10-B02-Q08.prompt.vi.mp3","5.506","5.506","0","mp3","44100","1","128000","-0.8","-14.6","89069","4b4549d8383023a3337dd9e561e629a002d2718e8f8e9e13647e739dfe37182b",""
"38","C1315-L1-T01-B01-Q07","merged-audio-mp3/listening.challenge.C1315-L1-T01-B01-Q07.prompt.vi.mp3","5.632","5.632","0","mp3","44100","1","128000","-3.3","-16.3","91159","2996bb0fe11036113fc732885b35afa9737e82539a0630632f17e21c5efb723a",""
"39","C1315-L1-T01-B01-Q08","merged-audio-mp3/listening.challenge.C1315-L1-T01-B01-Q08.prompt.vi.mp3","6.174","6.174","0","mp3","44100","1","128000","-1.2","-14","99936","cb4abfe99381d0db695c4406ce2735cb29411b3f86b0b86685f3f517a872c5af",""
"40","C1315-L1-T01-B02-Q03","merged-audio-mp3/listening.challenge.C1315-L1-T01-B02-Q03.prompt.vi.mp3","8.12","8.12","0","mp3","44100","1","128000","-0.9","-13.8","130865","4e56b6bc274150f833e608eee54e9e6ff339937161a308e8bf456b414d5487c5",""
"41","C1315-L1-T02-B01-Q06","merged-audio-mp3/listening.challenge.C1315-L1-T02-B01-Q06.prompt.vi.mp3","6.672","6.672","0","mp3","44100","1","128000","-0.9","-13.7","107877","31ea2b52b86fe007affc1d337ad2f3df0a889296465cf5dbbbdd88a6ca1e2864",""
"42","C1315-L1-T02-B01-Q07","merged-audio-mp3/listening.challenge.C1315-L1-T02-B01-Q07.prompt.vi.mp3","6.352","6.352","0","mp3","44100","1","128000","-0.9","-14","102862","cb5843f3276c2a1d7e46874a34b551888b661fb94132febacce47b07afccb10e",""
"43","C1315-L1-T02-B01-Q08","merged-audio-mp3/listening.challenge.C1315-L1-T02-B01-Q08.prompt.vi.mp3","7.252","7.252","0","mp3","44100","1","128000","-1","-13.9","117072","6533e26045d01493a1d0fefb2a5a5b567982d0e5f6dc7905128e58ac33e5c5f0",""
"44","C1315-L1-T02-B02-Q03","merged-audio-mp3/listening.challenge.C1315-L1-T02-B02-Q03.prompt.vi.mp3","6.586","6.586","0","mp3","44100","1","128000","-0.8","-14.1","106623","5cb64fc2a0a0b66fd3a5314078be0e60670ffb3c7405afda995f1a0ff35ac36e",""
"45","C1315-L1-T03-B02-Q05","merged-audio-mp3/listening.challenge.C1315-L1-T03-B02-Q05.prompt.vi.mp3","5.73","5.73","0","mp3","44100","1","128000","-1.2","-14.4","92831","b7395c8abe118074b52845453b7248fd8701cafa8209d9c24cdcb87c92d0e7ff",""
"46","C1315-L2-T04-B01-Q06","merged-audio-mp3/listening.challenge.C1315-L2-T04-B01-Q06.prompt.vi.mp3","5.087","5.087","0","mp3","44100","1","128000","-1","-14.4","82382","3c91156161d896ce69950d3431a861e9d9280467454bf3ddbc5f8b8872c1ee3d",""
"47","C1315-L2-T04-B01-Q07","merged-audio-mp3/listening.challenge.C1315-L2-T04-B01-Q07.prompt.vi.mp3","5.333","5.333","0","mp3","44100","1","128000","-1.1","-14.5","86561","00400d6f0a899206633d24dbe91dea3ec65969de23cb152fcff21fd7dc682ef8",""
"48","C1315-L2-T04-B01-Q08","merged-audio-mp3/listening.challenge.C1315-L2-T04-B01-Q08.prompt.vi.mp3","5.064","5.064","0","mp3","44100","1","128000","-0.9","-13.6","81964","79b535e861460e2a3d95c6a5eb2e0a4e9276111a8fc0a963719b9fb4656f835b",""
"49","C1315-L2-T04-B02-Q07","merged-audio-mp3/listening.challenge.C1315-L2-T04-B02-Q07.prompt.vi.mp3","6.048","6.048","0","mp3","44100","1","128000","-0.9","-13.7","97846","8377a231512666d9f05d64c51a56921a5718386c44b1f0ad7375bce0d6ac75b2",""
"50","C1315-L2-T04-B02-Q08","merged-audio-mp3/listening.challenge.C1315-L2-T04-B02-Q08.prompt.vi.mp3","6.394","6.394","0","mp3","44100","1","128000","-1","-13.8","103279","4a0059818d9d3c9741d09d2cd0999011a02296f3f9dd7e91ff26375a059f0032",""
"51","C1315-L2-T05-B01-Q04","merged-audio-mp3/listening.challenge.C1315-L2-T05-B01-Q04.prompt.vi.mp3","6.65","6.65","0","mp3","44100","1","128000","-1.1","-14.4","107459","c4c12b354cb8fb64db7d94ec8218a71799ff8c153b3bd0f4c8639ade3f503a2a",""
"52","C1315-L2-T05-B02-Q08","merged-audio-mp3/listening.challenge.C1315-L2-T05-B02-Q08.prompt.vi.mp3","6.112","6.112","0","mp3","44100","1","128000","-1","-14.4","98682","dd595031787bf233c5f3dfa5caaa4c112c8a6828b1d7b2830c4844645984c4d3",""
"53","C1315-L2-T06-B01-Q07","merged-audio-mp3/listening.challenge.C1315-L2-T06-B01-Q07.prompt.vi.mp3","4.72","4.72","0","mp3","44100","1","128000","-1","-14.7","76530","b489afa93e0d4a64b83cabe487f614719db29f09ef3b1ad73d7b504e2210d075",""
"54","C1315-L2-T06-B01-Q08","merged-audio-mp3/listening.challenge.C1315-L2-T06-B01-Q08.prompt.vi.mp3","5.397","5.397","0","mp3","44100","1","128000","-0.9","-14.2","87397","e682bd0fdf21f09a53449b737847de9144a41e9e11e5584f497861b8c07de1b4",""
"55","C1315-L2-T06-B02-Q04","merged-audio-mp3/listening.challenge.C1315-L2-T06-B02-Q04.prompt.vi.mp3","7.392","7.392","0","mp3","44100","1","128000","-1.2","-14.7","119162","f0d7620d540fe518123f083c88ac87c721ffc1cdf9cc23fdaec110f4e2ae4c0e",""
"56","C1315-L3-T07-B01-Q06","merged-audio-mp3/listening.challenge.C1315-L3-T07-B01-Q06.prompt.vi.mp3","4.368","4.368","0","mp3","44100","1","128000","-0.8","-14.6","71097","71f0a6506f63980ee09a469aa542a2bc61e1abff9ba76e643073a42b2775a545",""
"57","C1315-L3-T07-B01-Q07","merged-audio-mp3/listening.challenge.C1315-L3-T07-B01-Q07.prompt.vi.mp3","4.42","4.42","0","mp3","44100","1","128000","-1","-13.9","71933","0ac26588f508dfb59b48e5dcdbc3f749c40d72073231bf89ac7f3a132320e8a3",""
"58","C1315-L3-T07-B01-Q08","merged-audio-mp3/listening.challenge.C1315-L3-T07-B01-Q08.prompt.vi.mp3","4.646","4.646","0","mp3","44100","1","128000","-0.9","-14.2","75276","c0b61d31d9c72f37baf8df00bd1cf2f34b476d46060cf65fc1dd8c70c00414c7",""
"59","C1315-L3-T07-B02-Q08","merged-audio-mp3/listening.challenge.C1315-L3-T07-B02-Q08.prompt.vi.mp3","6.264","6.264","0","mp3","44100","1","128000","-1.1","-13.1","101190","e964f5afd1d036d90391d700ddb19c5d449215eee0ac8a2e9a91728a86442c65",""
"60","C1315-L3-T08-B01-Q06","merged-audio-mp3/listening.challenge.C1315-L3-T08-B01-Q06.prompt.vi.mp3","5.033","5.033","0","mp3","44100","1","128000","-1.6","-15.7","81546","53d1a464415928d304bf25dd0404886c6c74206743bc52bda6cfe934ad5a0506",""
"61","C1315-L3-T08-B01-Q07","merged-audio-mp3/listening.challenge.C1315-L3-T08-B01-Q07.prompt.vi.mp3","4.813","4.813","0","mp3","44100","1","128000","-1.5","-17.6","78202","5a35a0f56c5b1e45312137949e9321e4bb965e55d276c97d4b62c22d7781fcb1",""
"62","C1315-L3-T08-B01-Q08","merged-audio-mp3/listening.challenge.C1315-L3-T08-B01-Q08.prompt.vi.mp3","4.28","4.28","0","mp3","44100","1","128000","-2.3","-16.3","69425","e73c2b6fa48340ef1b650d2620c5e3968ed8aca208c82457b1d078c09d0fea3e",""
"63","C1315-L3-T09-B01-Q06","merged-audio-mp3/listening.challenge.C1315-L3-T09-B01-Q06.prompt.vi.mp3","4.403","4.403","0","mp3","44100","1","128000","-2.1","-16.7","71515","b7380facd2a8fadd91a7c34b497f1f95acb1ab2447c5d88dfbdca16f0e3c6164",""
"64","C1315-L3-T09-B01-Q07","merged-audio-mp3/listening.challenge.C1315-L3-T09-B01-Q07.prompt.vi.mp3","4.593","4.593","0","mp3","44100","1","128000","-1.3","-17.5","74440","3b710d3eccdf225de3d889df4ab881c08b21b148da983611d4284e31369f4d60",""
"65","C1315-L3-T09-B01-Q08","merged-audio-mp3/listening.challenge.C1315-L3-T09-B01-Q08.prompt.vi.mp3","5.174","5.174","0","mp3","44100","1","128000","-1.1","-14","84053","96cb0e7873e3c7ba1d49735ad554f891617858cdc7117153b6a7e3ce80527ac5",""
"66","C1315-L3-T09-B02-Q08","merged-audio-mp3/listening.challenge.C1315-L3-T09-B02-Q08.prompt.vi.mp3","7.145","7.145","0","mp3","44100","1","128000","-1.2","-14.6","115400","8104d458b023acd1f9523a832f4806f96ec7202138ad50440ff54c976e3873ff",""
"67","C1315-L3-T10-B01-Q03","merged-audio-mp3/listening.challenge.C1315-L3-T10-B01-Q03.prompt.vi.mp3","7.09","7.09","0","mp3","44100","1","128000","-1.4","-14.2","114564","8406598c076c3a9d8d10ec1e128204355eca09bd1071fc3831e8ac55c5ca4b7f",""
"68","C1315-L3-T10-B02-Q03","merged-audio-mp3/listening.challenge.C1315-L3-T10-B02-Q03.prompt.vi.mp3","7.57","7.57","0","mp3","44100","1","128000","-1.1","-14.2","122088","30b56f877fdeff4bb83a7f3bd5d31447f6617300d8f3203e204bfad6f700da72",""
