number,id,language,text,usage,file,voiceId,speed,sha256
"1","VOCAB50-001","vi","Bạn muốn học phần Ba mẹ đã thêm, Ngôi sao hay Luyện lại?","current","audio/VOCAB50-001.vi.mp3","5CVDNcIPiOYgRUQuxXd7","0.9","9ca5c4239af74848e0c8b972f2efe2eeddc8dc1bc8359b5bff581b414775edf1"
"2","VOCAB50-002","vi","Bạn muốn học nội dung khác hay học tiếp?","current","audio/VOCAB50-002.vi.mp3","5CVDNcIPiOYgRUQuxXd7","0.9","087f87c2c208926ee0965559225265dd6a3d14fa29631d66ca158f5fd3568b94"
"3","VOCAB50-003","vi","Mình nghe tiếp nhé.","current","audio/VOCAB50-003.vi.mp3","5CVDNcIPiOYgRUQuxXd7","0.9","82a0d9f5c47090e1b6a6a91e264f7ec19ec2da560fe040778c7c714ee7ce09c4"
"4","VOCAB50-004","vi","Mình tạm dừng nhé.","current","audio/VOCAB50-004.vi.mp3","5CVDNcIPiOYgRUQuxXd7","0.9","b2687956af761d5181009b147def029fb4f89bbe4e8d39511b5323bb085156f2"
"5","VOCAB50-005","vi","Đây là câu đầu tiên. Mình nghe lại nhé.","current","audio/VOCAB50-005.vi.mp3","5CVDNcIPiOYgRUQuxXd7","0.9","e114f3f817f74f73ca3b5eb40c6fa466c044daae20ab21c53f1f400fe5404e3c"
"6","VOCAB50-006","vi","Mình học xong lượt này trước nhé.","current-but-deprecated-in-spec","audio/VOCAB50-006.vi.mp3","5CVDNcIPiOYgRUQuxXd7","0.9","44d164e72086f4a93e2f24ae64a8f3666ca870c5d98e150ff58563d004ff61d7"
"7","VOCAB50-007","vi","Đã có nội dung mới cho bạn. Bắt đầu học thôi!","current","audio/VOCAB50-007.vi.mp3","5CVDNcIPiOYgRUQuxXd7","0.9","3c0888890aad534976c0c17796c5ba5017dcddb8b5fe03b3969d02f1e3f359e9"
"8","VOCAB50-008","vi","Mình học tiếp Danh sách hôm nay nhé.","current","audio/VOCAB50-008.vi.mp3","5CVDNcIPiOYgRUQuxXd7","0.9","a546e9bf6865913461d328fc5cd751e264b4ab34557a48edefd4158a74855770"
"9","VOCAB50-009","vi","Bạn muốn học nội dung khác hay học lại?","current","audio/VOCAB50-009.vi.mp3","5CVDNcIPiOYgRUQuxXd7","0.9","1faee4105e0376d006a97da78943c70604fa4e119a39f929fc32d5978ce2eb3f"
"10","VOCAB50-010","vi","Mình cùng nghe nhé.","current","audio/VOCAB50-010.vi.mp3","5CVDNcIPiOYgRUQuxXd7","0.9","745b604df78edb1b325e0abde35e5cf958a818efe84805d6b1f596c5428cfdeb"
"11","VOCAB50-011","vi","Chưa có nội dung ở phần này. Bạn muốn học Ngôi sao hay Luyện lại?","current","audio/VOCAB50-011.vi.mp3","5CVDNcIPiOYgRUQuxXd7","0.9","8f80894c3558223089247975e2feae129bb9db378ae81c637a552b382b59c243"
"12","VOCAB50-012","vi","Bạn muốn học Ngôi sao hay Luyện lại?","current","audio/VOCAB50-012.vi.mp3","5CVDNcIPiOYgRUQuxXd7","0.9","51b39f899aaa2a6318be4bfb5ce8637b40446ae7c328a6685d134de1866b98a8"
"13","VOCAB50-013","vi","Bạn đã nghe hết rồi. Bạn muốn học nội dung khác hay học lại?","current","audio/VOCAB50-013.vi.mp3","5CVDNcIPiOYgRUQuxXd7","0.9","27bd417b38fb733d432dbe8fc1ecbb6b3b315cee132684d10a2478faea4172f7"
"14","VOCAB50-014","vi","Mình cùng luyện lại nhé. Bắt đầu thôi!","current","audio/VOCAB50-014.vi.mp3","5CVDNcIPiOYgRUQuxXd7","0.9","68fb7f14b93a05c7d630aa5ba8b6b93bfd2eddfb393d34f7f25e5b65c2693db9"
"15","VOCAB50-015","vi","Mình luyện tiếp nhé.","current","audio/VOCAB50-015.vi.mp3","5CVDNcIPiOYgRUQuxXd7","0.9","2479b376c78e394678ec4cd9f0dda197c47e3fa4f0cf11b4ccfafd648e529b6c"
"16","VOCAB50-016","vi","Bạn muốn học phần Ba mẹ đã thêm hay Ngôi sao?","current","audio/VOCAB50-016.vi.mp3","5CVDNcIPiOYgRUQuxXd7","0.9","ca10f9872346a90d51b0546fe1e5c69bd70c8e78b2756aef77c75e793356e3a5"
"17","VOCAB50-017","vi","Mình đã luyện xong rồi. Bạn muốn học phần Ba mẹ đã thêm hay Ngôi sao?","current","audio/VOCAB50-017.vi.mp3","5CVDNcIPiOYgRUQuxXd7","0.9","b1397dbbd637eb211b7f38490745156f1357bfb1f571a54f42a7c47f1bdb2f79"
"18","VOCAB50-018","vi","Không có nội dung cần luyện lại. Bạn muốn học phần Ba mẹ đã thêm hay Ngôi sao?","current","audio/VOCAB50-018.vi.mp3","5CVDNcIPiOYgRUQuxXd7","0.9","588e93cddeb800cbb56923336d1060cb309b676fc5d5ece62e2317cdc6f2dc14"
"19","VOCAB50-019","vi","Mình cùng nghe Ngôi sao nhé.","current","audio/VOCAB50-019.vi.mp3","5CVDNcIPiOYgRUQuxXd7","0.9","9cd2ac7545e370eb801af30fee26f846eb9610521c6e22dcd4f3c6f8b66e5fbc"
"20","VOCAB50-020","vi","Bạn chưa có Ngôi sao nào. Bạn muốn học phần Ba mẹ đã thêm hay Luyện lại?","current","audio/VOCAB50-020.vi.mp3","5CVDNcIPiOYgRUQuxXd7","0.9","f199fa59e757df8198ed138ea55dd1f974bd0a9e8fe65b14b327c22da0e4f010"
"21","VOCAB50-021","vi","Bạn muốn học phần Ba mẹ đã thêm hay Luyện lại?","current","audio/VOCAB50-021.vi.mp3","5CVDNcIPiOYgRUQuxXd7","0.9","f030b99a1b68938e58114e6a00f855ae49bd45174c65da459f64b0d708a130b5"
"22","VOCAB50-022","vi","Bạn đã nghe hết Ngôi sao rồi. Bạn muốn học nội dung khác hay học lại?","current","audio/VOCAB50-022.vi.mp3","5CVDNcIPiOYgRUQuxXd7","0.9","ac3794c2b60224ad4dbb8c8ff984285d71c8613afab17dfccc27f57c13937fdb"
"23","VOCAB50-023","vi","Giọng của bạn đây.","current","audio/VOCAB50-023.vi.mp3","5CVDNcIPiOYgRUQuxXd7","0.9","e45050e1812a9b7b212f5801427ba7c150d47d784a168d67b65a259ed2b50c32"
"24","VOCAB50-024","vi","Bạn nói lại nhé.","current","audio/VOCAB50-024.vi.mp3","5CVDNcIPiOYgRUQuxXd7","0.9","c7942f08a4654f9de42763f7f38b65039bfa9f543d6515455fe5c7bf7b25bb0b"
"25","VOCAB50-025","vi","Đến lượt bạn.","current","audio/VOCAB50-025.vi.mp3","5CVDNcIPiOYgRUQuxXd7","0.9","13ec7881aabc366dcefa1f67ab49b35796e2dbde58a154bb5fceea2434dcf5ed"
"26","VOCAB50-026","vi","Bạn thử nói nhé.","current","audio/VOCAB50-026.vi.mp3","5CVDNcIPiOYgRUQuxXd7","0.9","54ece66764575d1fb4ec1a2f529ea40cb7244be7591383589aa177f1c695b149"
"27","VOCAB50-027","vi","Nói lại câu này.","current","audio/VOCAB50-027.vi.mp3","5CVDNcIPiOYgRUQuxXd7","0.9","2ca52189d5965653e34f1d3b3ec15b6176df5c5f314d726c04bcf26502d963b9"
"28","VOCAB50-028","vi","Bạn nói tiếng Anh nhé.","current","audio/VOCAB50-028.vi.mp3","5CVDNcIPiOYgRUQuxXd7","0.9","fecbb96e553c9687eea7829cf6dce8423ccff9154aa125c1f8b09fe60ced9a93"
"29","VOCAB50-029","vi","Đúng rồi!","current","audio/VOCAB50-029.vi.mp3","5CVDNcIPiOYgRUQuxXd7","0.9","10309fa4f483eea09f73f9676802b7ef7be2a58c925d808136014cd5a13cb5e9"
"30","VOCAB50-030","vi","Mình thử lại nhé.","current","audio/VOCAB50-030.vi.mp3","5CVDNcIPiOYgRUQuxXd7","0.9","28a871742cebffabc5f151d7eccf105bb29f239658bdab4b380994561bb43f51"
"31","VOCAB50-031","vi","HOMI nói mẫu nhé.","current","audio/VOCAB50-031.vi.mp3","5CVDNcIPiOYgRUQuxXd7","0.9","baa402d935c64983b6135cb96a0fa83fd1428dafbbf1bccc7a3c87b45a1afe2b"
"32","VOCAB50-032","vi","HOMI chưa nghe rõ. Bạn nói lại nhé.","current","audio/VOCAB50-032.vi.mp3","5CVDNcIPiOYgRUQuxXd7","0.9","c7abfe3456dd1a71602ac52d915de9337776b2fe2ba2358b2bb22aa282e19e68"
"33","VOCAB50-033","vi","Bạn thử lại nhé.","current","audio/VOCAB50-033.vi.mp3","5CVDNcIPiOYgRUQuxXd7","0.9","2223828e08013a96e924de22450de6d9cc23b381b9dba45e74594e6391b067b0"
"34","VOCAB50-034","vi","Bạn thử trả lời nhé.","current","audio/VOCAB50-034.vi.mp3","5CVDNcIPiOYgRUQuxXd7","0.9","4a90b3b105603271b064311fae9a93534d1e2d7143cb14604c151a3b5c76cc33"
"35","VOCAB50-035","en","Great!","current","audio/VOCAB50-035.en.mp3","Nhs7eitvQWFTQBsf0yiT","0.75","45981f3c091baf1e7d4464c1d6fa5e822c957c09776341d2fd78b3dd84d4fe4e"
"36","VOCAB50-036","vi","Thử lại nhé.","current","audio/VOCAB50-036.vi.mp3","5CVDNcIPiOYgRUQuxXd7","0.9","f8171db7176a2a5355ea823b12d2c317a4c0d9299270c12646d16ade2fb20059"
"37","VOCAB50-037","vi","HOMI nói đáp án nhé.","current","audio/VOCAB50-037.vi.mp3","5CVDNcIPiOYgRUQuxXd7","0.9","cb9b3c694f5de901fd8dadf02fe181bc5935b2803916d5685efac848bbba0590"
"38","VOCAB50-038","vi","Nghe câu đúng nhé.","current","audio/VOCAB50-038.vi.mp3","5CVDNcIPiOYgRUQuxXd7","0.9","5070d350e0ea9acec0bd39fdbfc2839af2e1580ea916e5e63c554b08a3b9ae30"
"39","VOCAB50-039","en","Exactly.","current","audio/VOCAB50-039.en.mp3","Nhs7eitvQWFTQBsf0yiT","0.75","5a254a803c61051e6fa858c37f3bd83a14bee1b0cf5dbf657e2d34db039bcf34"
"40","VOCAB50-040","en","Try again.","current","audio/VOCAB50-040.en.mp3","Nhs7eitvQWFTQBsf0yiT","0.75","7ba8cb7f86b849ca590a14340afb84f7754e1843edbc6a9148571a7909f9797a"
"41","VOCAB50-041","vi","HOMI chưa nghe rõ. Thử lại nhé.","current","audio/VOCAB50-041.vi.mp3","5CVDNcIPiOYgRUQuxXd7","0.9","da723028bb3814c6e4998b852a990453db89546174bd6f72ff8181884bede0ac"
"42","VOCAB50-042","vi","Giỏi lắm!","reserve-variant","audio/VOCAB50-042.vi.mp3","5CVDNcIPiOYgRUQuxXd7","0.9","5eb1c33e0a04686db959e2a0bd6874b49ca541925a9d2a22adf83028b72293b5"
"43","VOCAB50-043","vi","Tốt lắm!","reserve-variant","audio/VOCAB50-043.vi.mp3","5CVDNcIPiOYgRUQuxXd7","0.9","331dc7e0cb1db57a92d30392480d7f9fdfe246d1d73e65ea16fa95a075b8b818"
"44","VOCAB50-044","vi","Nghe lại rồi thử nhé.","reserve-variant","audio/VOCAB50-044.vi.mp3","5CVDNcIPiOYgRUQuxXd7","0.9","838189ceaba9aaf447ee6b2f49435d277c5cbcbfdee936d3720c694f5dd93aa8"
"45","VOCAB50-045","vi","Mình nghe câu đúng nhé.","reserve-variant","audio/VOCAB50-045.vi.mp3","5CVDNcIPiOYgRUQuxXd7","0.9","ccb90bbae42556bec58bbfcbb45055b11df9a222ff3be3451127d8cbaa72cf16"
"46","VOCAB50-046","vi","Mình thử một lần nhé.","reserve-variant","audio/VOCAB50-046.vi.mp3","5CVDNcIPiOYgRUQuxXd7","0.9","c4032045e7c51fc9f76933c1abfecc550ad4b3c5f6bf051ced2e41d86f346cfb"
"47","VOCAB50-047","en","Good job!","reserve-variant","audio/VOCAB50-047.en.mp3","Nhs7eitvQWFTQBsf0yiT","0.75","7a8e23bf81a4770979f44d2d3cf1efb17c125ee4ae0c7ec94b9bda35ae69e3e1"
"48","VOCAB50-048","en","Nice.","reserve-variant","audio/VOCAB50-048.en.mp3","Nhs7eitvQWFTQBsf0yiT","0.75","62b1560e024ce59037f7f17fae370dae206e4b262f00db4f3307a5cde37fe4eb"
"49","VOCAB50-049","en","Good.","reserve-variant","audio/VOCAB50-049.en.mp3","Nhs7eitvQWFTQBsf0yiT","0.75","e691ad8f25c6001d2fd7770b7bb2af2a01fc9cc00c951c5093184b12447ce6f6"
"50","VOCAB50-050","en","One more time.","reserve-variant","audio/VOCAB50-050.en.mp3","Nhs7eitvQWFTQBsf0yiT","0.75","c56a8e82cad3a298bf368d6a1aa41bd72d19c2ceed52ce4bec309508ee9d8fb9"
